,City,Country,Date,Latitude,Longitude,Cloudiness (%),Humidity (%),Max Temp (F),Wind Speed (mph)
0,athabasca,CA,2021-01-24 12:37:16,54.7169,-113.2854,100,76,-12.72999999999999,4.12
1,nikolskoye,RU,2021-01-24 12:37:16,59.7035,30.7861,90,87,35.86999999999996,4
2,hermanus,ZA,2021-01-24 12:37:16,-34.4187,19.2345,13,61,69.27799999999996,3.58
3,saint george,US,2021-01-24 12:37:16,37.1041,-113.5841,1,81,43.26799999999999,0.66
4,olafsvik,IS,2021-01-24 12:37:16,64.8945,-23.7142,85,91,28.867999999999984,13.13
5,nizhneyansk,,,,,,,,
6,butaritari,KI,2021-01-24 12:37:16,3.0707,172.7902,25,80,79.05199999999998,4.99
7,new norfolk,AU,2021-01-24 12:37:16,-42.7826,147.0587,77,75,66.27200000000005,1.34
8,rikitea,PF,2021-01-24 12:35:28,-23.1203,-134.9692,46,66,79.60999999999999,3.83
9,mauguio,FR,2021-01-24 12:37:16,43.6181,4.0074,0,57,50.26999999999996,3.6
10,bluff,NZ,2021-01-24 12:37:16,-46.6,168.3333,76,87,58.26199999999996,5.36
11,mopipi,BW,2021-01-24 12:37:17,-21.1833,24.8833,82,39,82.184,6.73
12,carnarvon,AU,2021-01-24 12:35:52,-24.8667,113.6333,40,73,75.46999999999997,8.23
13,barentsburg,,,,,,,,
14,sumbawanga,TZ,2021-01-24 12:37:17,-7.9667,31.6167,75,73,70.06999999999996,2.06
15,ushuaia,AR,2021-01-24 12:37:17,-54.8,-68.3,40,32,64.66999999999996,7.2
16,port alfred,ZA,2021-01-24 12:37:17,-33.5906,26.891,83,90,65.26400000000004,5.09
17,satitoa,,,,,,,,
18,manono,CD,2021-01-24 12:37:17,-7.3,27.4167,98,93,71.56400000000004,1.54
19,belogorsk,RU,2021-01-24 12:37:17,50.9158,128.4611,84,84,-15.141999999999996,2.49
20,hvolsvollur,IS,2021-01-24 12:37:17,63.7533,-20.2243,20,48,35.86999999999996,6.17
21,sentyabrskiy,,,,,,,,
22,mataura,NZ,2021-01-24 12:37:17,-46.1927,168.8643,82,87,58.26199999999996,5.36
23,punta arenas,CL,2021-01-24 12:36:07,-53.15,-70.9167,0,34,64.66999999999996,4.12
24,busselton,AU,2021-01-24 12:37:17,-33.65,115.3333,0,90,52.26799999999999,2.65
25,la ronge,CA,2021-01-24 12:37:17,55.1001,-105.2842,0,67,-32.52999999999999,0.51
26,ginda,IN,2021-01-24 12:37:17,30.6945,78.4932,10,58,40.04600000000005,2.8
27,thompson,CA,2021-01-24 12:37:18,55.7435,-97.8558,75,70,-10.929999999999993,3.6
28,cape town,ZA,2021-01-24 12:34:06,-33.9258,18.4232,0,49,72.26600000000002,11.32
29,provideniya,RU,2021-01-24 12:36:55,64.3833,-173.3,8,85,2.89399999999997,0.24
30,matara,LK,2021-01-24 12:37:18,5.9485,80.5353,100,83,74.15600000000003,4.26
31,jamestown,US,2021-01-24 12:37:18,42.097,-79.2353,40,59,28.66999999999996,1.6
32,mafeteng,LS,2021-01-24 12:37:18,-29.823,27.2374,57,61,67.24399999999997,4.06
33,khatanga,RU,2021-01-24 12:37:18,71.9667,102.5,100,87,-18.778000000000013,4.59
34,coquimbo,CL,2021-01-24 12:32:44,-29.9533,-71.3436,20,64,70.06999999999996,5.14
35,lovington,US,2021-01-24 12:37:18,32.944,-103.3485,100,99,53.27599999999999,0.89
36,taolanaro,,,,,,,,
37,qaanaaq,GL,2021-01-24 12:37:18,77.484,-69.3632,0,78,9.19399999999997,1.64
38,hami,CN,2021-01-24 12:37:18,42.8,93.45,90,78,20.94800000000002,2.6
39,ostrovnoy,RU,2021-01-24 12:37:18,68.0531,39.5131,100,94,10.72400000000001,5.1
40,hobart,AU,2021-01-24 12:37:18,-42.8794,147.3294,88,40,68.26999999999995,6.17
41,saldanha,ZA,2021-01-24 12:37:07,-33.0117,17.9442,0,49,71.86999999999996,9.26
42,vestmannaeyjar,IS,2021-01-24 12:37:19,63.4427,-20.2734,20,48,35.86999999999996,6.17
43,east london,ZA,2021-01-24 12:37:19,-33.0153,27.9116,90,82,66.46999999999997,2.57
44,bani walid,LY,2021-01-24 12:37:19,31.7566,13.9942,52,34,60.15199999999997,4.93
45,cidreira,BR,2021-01-24 12:34:36,-30.1811,-50.2056,6,70,80.02400000000002,5.27
46,souillac,MU,2021-01-24 12:37:15,-20.5167,57.5167,75,74,80.86999999999996,1.54
47,vaini,TO,2021-01-24 12:37:19,-21.2,-175.2,90,94,73.66999999999996,1.54
48,kapaa,US,2021-01-24 12:37:19,22.0752,-159.319,40,83,73.66999999999996,8.75
49,ribeira grande,PT,2021-01-24 12:37:19,38.5167,-28.7,75,100,62.86999999999996,6.17
50,belushya guba,,,,,,,,
51,tuktoyaktuk,CA,2021-01-24 12:37:19,69.4541,-133.0374,90,77,-9.129999999999988,1.03
52,bredasdorp,ZA,2021-01-24 12:37:19,-34.5322,20.0403,83,56,68.26999999999995,7.2
53,mar del plata,AR,2021-01-24 12:37:19,-38.0023,-57.5575,0,66,86.26999999999995,5.66
54,georgetown,MY,2021-01-24 12:37:19,5.4112,100.3354,40,89,80.86999999999996,0.19
55,puerto ayora,EC,2021-01-24 12:37:19,-0.7393,-90.3518,40,74,82.66999999999996,7.72
56,victor harbor,AU,2021-01-24 12:37:20,-35.5667,138.6167,76,38,78.27799999999996,0.45
57,jalu,LY,2021-01-24 12:35:56,29.0331,21.5482,0,30,60.25999999999998,4.01
58,olga,RU,2021-01-24 12:37:20,43.7444,135.2892,3,89,21.83000000000004,3.13
59,korla,CN,2021-01-24 12:37:20,41.7597,86.1469,0,82,22.172000000000036,1.48
60,sibolga,ID,2021-01-24 12:37:20,1.7427,98.7792,97,83,76.83800000000005,1.64
61,nivala,FI,2021-01-24 12:37:20,63.9167,24.9667,99,97,32.26999999999996,0.28
62,aksarka,RU,2021-01-24 12:37:20,66.5606,67.7975,100,82,-31.720000000000013,3.25
63,port elizabeth,ZA,2021-01-24 12:37:06,-33.918,25.5701,90,82,64.66999999999996,4.63
64,arraial do cabo,BR,2021-01-24 12:37:20,-22.9661,-42.0278,75,69,89.86999999999996,8.23
65,pisco,PE,2021-01-24 12:37:20,-13.7,-76.2167,0,61,77.26999999999995,4.12
66,bengkulu,ID,2021-01-24 12:35:36,-3.8004,102.2655,100,80,78.33200000000002,2.09
67,dikson,RU,2021-01-24 12:37:20,73.5069,80.5464,100,90,-14.098000000000027,5.33
68,saint-philippe,RE,2021-01-24 12:37:20,-21.3585,55.7679,75,69,80.86999999999996,2.57
69,hobyo,SO,2021-01-24 12:37:20,5.3505,48.5268,7,72,76.56799999999998,9.51
70,tazovskiy,RU,2021-01-24 12:37:21,67.4667,78.7,14,81,-40.09000000000002,1.54
71,marcona,,,,,,,,
72,bjornevatn,NO,2021-01-24 12:37:21,69.6672,29.9847,75,78,5.269999999999957,1.54
73,barrow,US,2021-01-24 12:36:29,71.2906,-156.7887,1,78,-1.9299999999999926,6.17
74,oskemen,KZ,2021-01-24 12:37:21,49.9565,82.6119,90,76,-14.529999999999994,2
75,voyvozh,RU,2021-01-24 12:37:21,62.892,54.9635,100,94,4.261999999999954,3.78
76,santa cruz,BO,2021-01-24 12:35:20,-17.8,-63.1667,75,55,88.06999999999996,9.26
77,eyl,SO,2021-01-24 12:37:21,7.9803,49.8164,2,72,72.82400000000001,8.56
78,norman wells,CA,2021-01-24 12:35:31,65.282,-126.8329,90,77,-12.72999999999999,0.16
79,marang,MY,2021-01-24 12:37:21,5.2056,103.2059,20,88,77.26999999999995,1.03
80,togitsu,JP,2021-01-24 12:37:21,32.8333,129.85,23,70,48.272000000000034,7.6
81,nalut,LY,2021-01-24 12:37:21,30.3333,10.85,4,37,56.983999999999995,4.46
82,deputatskiy,RU,2021-01-24 12:37:21,69.3,139.9,99,82,-38.74000000000002,2.18
83,chitral,PK,2021-01-24 12:37:21,35.8462,71.7858,0,56,25.861999999999956,3.06
84,aykhal,RU,2021-01-24 12:37:21,66,111.5,1,80,-36.07599999999999,1.47
85,fethiye,TR,2021-01-24 12:37:22,36.6217,29.1164,75,82,57.469999999999956,4.63
86,katsuura,JP,2021-01-24 12:37:22,35.1333,140.3,75,81,44.86999999999996,6.17
87,ambodifototra,,,,,,,,
88,nanortalik,GL,2021-01-24 12:35:36,60.1432,-45.2371,0,90,23.341999999999995,4.1
89,paita,PE,2021-01-24 12:37:22,-5.0892,-81.1144,20,48,88.06999999999996,5.14
90,dakar,SN,2021-01-24 12:32:54,14.6937,-17.4441,0,34,79.06999999999996,3.09
91,kalmunai,LK,2021-01-24 12:37:22,7.4167,81.8167,87,81,75.81199999999995,4.13
92,marzuq,YE,2021-01-24 12:37:22,14.4,46.4667,46,33,58.225999999999985,0.3
93,hilo,US,2021-01-24 12:33:34,19.7297,-155.09,20,77,66.46999999999997,3.09
94,faya,SA,2021-01-24 12:37:22,18.3851,42.4509,0,77,61.069999999999965,2.06
95,peniche,PT,2021-01-24 12:37:22,39.3558,-9.3811,100,87,57.272000000000034,1.79
96,mwene-ditu,CD,2021-01-24 12:36:28,-7,23.45,100,97,67.55000000000001,1.34
97,lorengau,PG,2021-01-24 12:37:22,-2.0226,147.2712,100,72,81.35600000000002,1.4
98,crestview,US,2021-01-24 12:37:22,30.7621,-86.5705,90,68,66.46999999999997,2.57
99,bambous virieux,MU,2021-01-24 12:37:23,-20.3428,57.7575,75,74,80.86999999999996,1.54
100,faanui,PF,2021-01-24 12:36:05,-16.4833,-151.75,15,72,81.53599999999997,5.82
101,shelburne,CA,2021-01-24 12:37:23,44.0787,-80.2041,90,68,28.27400000000001,3.09
102,esperance,AU,2021-01-24 12:32:31,-33.8667,121.9,90,88,61.069999999999965,2.57
103,ponta do sol,PT,2021-01-24 12:37:23,32.6667,-17.1,40,77,66.46999999999997,2.57
104,moerai,PF,2021-01-24 12:37:23,-22.4333,-151.3333,5,75,80.41999999999996,5.42
105,cherskiy,RU,2021-01-24 12:37:23,68.75,161.3,100,86,-24.340000000000025,3.6
106,luderitz,NA,2021-01-24 12:37:23,-26.6481,15.1594,81,57,69.53000000000004,13.63
107,seybaplaya,MX,2021-01-24 12:37:23,19.65,-90.6667,75,74,80.86999999999996,5.14
108,chokurdakh,RU,2021-01-24 12:36:19,70.6333,147.9167,100,83,-31.737999999999992,5.17
109,hasaki,JP,2021-01-24 12:37:23,35.7333,140.8333,75,93,39.469999999999956,3.6
110,verkhoyansk,RU,2021-01-24 12:37:23,67.5447,133.385,96,73,-44.42800000000001,0.94
111,airai,TL,2021-01-24 12:37:23,-8.9266,125.4092,89,100,61.214000000000034,1.01
112,solnechnyy,RU,2021-01-24 12:37:24,50.7214,136.6319,66,86,-9.759999999999984,1.51
113,naranjal,EC,2021-01-24 12:37:24,-2.6667,-79.6167,75,89,79.26799999999999,2.57
114,hoquiam,US,2021-01-24 12:37:24,46.9809,-123.8893,90,87,40.26199999999996,5.14
115,kamenka,RU,2021-01-24 12:37:24,51.3223,42.7678,99,99,31.00999999999998,6.32
116,tiksi,RU,2021-01-24 12:37:24,71.6872,128.8694,36,78,-44.28399999999999,3.54
117,srednekolymsk,RU,2021-01-24 12:37:24,67.45,153.6833,100,84,-28.570000000000014,4.28
118,kungurtug,RU,2021-01-24 12:37:24,50.5994,97.5228,100,87,-3.298000000000023,0.99
119,fagernes,NO,2021-01-24 12:37:24,60.9858,9.2324,8,87,8.275999999999986,1.09
120,atuona,PF,2021-01-24 12:37:24,-9.8,-139.0333,5,80,77.84600000000006,7.63
121,santa rosa,PH,2021-01-24 12:37:24,14.3122,121.1114,20,78,80.86999999999996,1.54
122,chenghai,CN,2021-01-24 12:37:24,23.4632,116.768,75,72,61.069999999999965,1
123,saleaula,,,,,,,,
124,los llanos de aridane,ES,2021-01-24 12:37:24,28.6585,-17.9182,75,77,68.26999999999995,2.57
125,yellowknife,CA,2021-01-24 12:30:02,62.456,-114.3525,90,76,-15.736000000000018,3.6
126,sayyan,YE,2021-01-24 12:37:25,15.1718,44.3244,22,45,49.87400000000001,1.87
127,bosaso,SO,2021-01-24 12:37:25,11.2842,49.1816,34,69,74.84000000000003,4.2
128,takhtamygda,RU,2021-01-24 12:37:25,54.1,123.5667,96,80,-17.337999999999994,1.39
129,kodiak,US,2021-01-24 12:37:25,57.79,-152.4072,1,55,35.86999999999996,14.4
130,snasa,NO,2021-01-24 12:37:25,64.2457,12.3778,75,86,25.069999999999958,9.26
131,bow island,CA,2021-01-24 12:37:25,49.8668,-111.3684,41,85,7.267999999999983,1.03
132,longyearbyen,SJ,2021-01-24 12:37:25,78.2186,15.6401,75,67,14.269999999999957,5.66
133,port lincoln,AU,2021-01-24 12:37:25,-34.7333,135.8667,100,52,75.05600000000004,6.96
134,lavrentiya,RU,2021-01-24 12:37:25,65.5833,-171,100,85,1.0759999999999863,1.78
135,saint anthony,US,2021-01-24 12:37:25,45.0205,-93.218,1,79,23.26999999999996,1.54
136,saskylakh,RU,2021-01-24 12:37:25,71.9167,114.0833,1,79,-37.73200000000001,2.82
137,avarua,CK,2021-01-24 12:37:25,-21.2078,-159.775,40,74,80.86999999999996,5.66
138,camacha,PT,2021-01-24 12:37:25,33.0833,-16.3333,20,77,64.66999999999996,1.54
139,butig,PH,2021-01-24 12:37:25,7.7244,124.3008,96,92,67.98200000000003,0.88
140,mahebourg,MU,2021-01-24 12:37:26,-20.4081,57.7,75,74,80.86999999999996,1.54
141,palmer,US,2021-01-24 12:37:26,42.1584,-72.3287,0,37,28.27400000000001,3.13
142,bambanglipuro,ID,2021-01-24 12:37:26,-7.95,110.2833,100,84,77.14399999999998,2.29
143,lyubech,UA,2021-01-24 12:37:26,51.7026,30.6569,100,95,40.45999999999998,6.86
144,waddan,LY,2021-01-24 12:37:26,29.1614,16.139,0,30,62.690000000000026,2.66
145,poum,NC,2021-01-24 12:36:12,-20.2333,164.0167,91,81,80.02400000000002,6.24
146,pevek,RU,2021-01-24 12:37:26,69.7008,170.3133,91,88,-17.896,3.69
147,wattegama,LK,2021-01-24 12:37:26,6.7989,81.4808,100,88,70.23200000000003,2.36
148,maceio,BR,2021-01-24 12:33:17,-9.6658,-35.7353,75,65,84.46999999999997,5.66
149,severo-kurilsk,RU,2021-01-24 12:35:32,50.6789,156.125,97,91,15.70999999999998,1.78
150,mumbwa,ZM,2021-01-24 12:37:26,-14.9783,27.0619,98,95,67.00999999999999,1.45
151,alta floresta,BR,2021-01-24 12:37:26,-9.8756,-56.0861,99,61,87.54800000000003,1.65
152,nome,US,2021-01-24 12:37:26,64.5011,-165.4064,90,93,17.86999999999996,2.06
153,skagastrond,,,,,,,,
154,ocean springs,US,2021-01-24 12:37:26,30.4113,-88.8278,90,88,66.27200000000005,5.66
155,vaitape,PF,2021-01-24 12:37:27,-16.5167,-151.75,13,72,81.55399999999995,5.83
156,lensk,RU,2021-01-24 12:37:27,60.7253,114.9278,78,80,-35.51799999999999,0.54
157,xichang,CN,2021-01-24 12:37:27,27.8964,102.2634,0,73,45.17599999999999,0.38
158,aban,RU,2021-01-24 12:37:27,56.67,96.06,98,93,1.7960000000000491,2.01
159,lagoa,PT,2021-01-24 12:37:27,39.05,-27.9833,99,92,62.07799999999996,8.49
160,albany,US,2021-01-24 12:35:04,42.6001,-73.9662,0,36,22.261999999999954,0.45
161,sohatu,RO,2021-01-24 12:37:27,44.3167,26.5,46,76,47.26400000000003,0.45
162,mwinilunga,ZM,2021-01-24 12:37:27,-11.7358,24.4293,96,97,62.22200000000004,2.48
163,znamenskoye,RU,2021-01-24 12:37:27,57.1281,73.8282,54,82,-33.412000000000006,1.8
164,mehamn,NO,2021-01-24 12:37:27,71.0357,27.8492,90,73,19.66999999999996,4.12
165,bondoukou,CI,2021-01-24 12:37:27,8.0333,-2.8,46,13,86.54000000000002,1.01
166,agadez,NE,2021-01-24 12:37:27,19.75,10.25,0,24,60.74600000000005,2.95
167,ketchikan,US,2021-01-24 12:37:27,55.3422,-131.6461,75,100,34.06999999999996,0.64
168,kleive,NO,2021-01-24 12:37:27,62.7954,7.6359,0,74,32.26999999999996,4.63
169,sisimiut,GL,2021-01-24 12:37:27,66.9395,-53.6735,86,89,17.114000000000033,3.2
170,palabuhanratu,,,,,,,,
171,yar-sale,RU,2021-01-24 12:37:28,66.8333,70.8333,73,80,-35.59000000000002,4.61
172,simbahan,PH,2021-01-24 12:37:28,6.3032,120.5836,81,80,81.57200000000003,5.6
173,upernavik,GL,2021-01-24 12:37:28,72.7868,-56.1549,4,93,15.691999999999997,6.61
174,tubruq,,,,,,,,
175,laguna,US,2021-01-24 12:37:28,38.421,-121.4238,90,87,46.274000000000015,3.09
176,tessalit,ML,2021-01-24 12:37:28,20.1986,1.0114,0,15,73.45399999999995,4.52
177,castro,BR,2021-01-24 12:37:28,-24.7911,-50.0119,99,89,70.50199999999998,1.67
178,rapid valley,US,2021-01-24 12:37:28,44.0625,-103.1463,90,74,28.66999999999996,10.8
179,louisbourg,,,,,,,,
180,excelsior springs,US,2021-01-24 12:35:00,39.3392,-94.2261,90,87,40.26199999999996,2.06
181,samusu,,,,,,,,
182,ilulissat,GL,2021-01-24 12:36:50,69.2167,-51.1,16,45,16.069999999999958,1.54
183,amderma,,,,,,,,
184,cabedelo,BR,2021-01-24 12:37:29,-6.9811,-34.8339,75,66,86.26999999999995,7.2
185,carmelo,UY,2021-01-24 12:37:29,-33.9892,-58.2856,40,38,93.46999999999997,2.57
186,narsaq,GL,2021-01-24 12:37:29,60.9167,-46.05,0,31,30.46999999999996,14.92
187,la cruz,MX,2021-01-24 12:37:29,23.9167,-106.9,68,53,72.71600000000001,2.42
188,dwarka,IN,2021-01-24 12:37:29,22.2394,68.9678,0,37,67.71199999999996,4.87
189,codrington,AU,2021-01-24 12:36:02,-38.2667,141.9667,43,40,68.88200000000002,2.58
190,eureka,US,2021-01-24 12:35:20,40.8021,-124.1637,100,91,45.266000000000005,3.07
191,elizabeth city,US,2021-01-24 12:37:29,36.2946,-76.2511,1,35,40.26199999999996,3.09
192,goderich,CA,2021-01-24 12:37:29,43.7501,-81.7165,100,74,23.26999999999996,4.63
193,chudovo,RU,2021-01-24 12:37:29,59.1167,31.6833,100,95,35.258,4.55
194,cockburn town,TC,2021-01-24 12:37:29,21.4612,-71.1419,40,69,79.06999999999996,2.57
195,saint-denis,FR,2021-01-24 12:37:29,48.9167,2.3333,90,87,37.66999999999996,3.09
196,hithadhoo,MV,2021-01-24 12:37:30,-0.6,73.0833,64,68,82.70600000000003,1.24
197,providencia,MX,2021-01-24 12:37:30,28.7167,-111.5833,2,80,61.26799999999999,1.34
198,margate,GB,2021-01-24 12:36:56,51.3813,1.3862,99,86,38.26400000000003,3.17
199,hualmay,PE,2021-01-24 12:37:30,-11.0964,-77.6139,27,61,78.04399999999998,4.5
200,yurimaguas,PE,2021-01-24 12:32:53,-5.9,-76.0833,75,94,77.26999999999995,1.41
201,vila velha,BR,2021-01-24 12:37:30,-20.3297,-40.2925,40,65,82.66999999999996,4.63
202,bonavista,CA,2021-01-24 12:37:30,48.6499,-53.1147,0,64,33.27799999999996,5.14
203,birao,CF,2021-01-24 12:37:30,10.2849,22.7882,5,15,81.75199999999998,2.88
204,buala,SB,2021-01-24 12:37:30,-8.145,159.5921,46,71,78.18800000000005,1.93
205,palmerston,AU,2021-01-24 12:37:30,-12.486,130.9833,100,100,77.26999999999995,2.57
206,goregaon,IN,2021-01-24 12:37:30,18.1667,73.3,0,56,71.36600000000001,0.93
207,ust-ordynskiy,RU,2021-01-24 12:37:30,52.805,104.7508,75,85,5.269999999999957,3
208,skalistyy,,,,,,,,
209,puerto madryn,AR,2021-01-24 12:37:30,-42.7692,-65.0385,0,52,78.31400000000004,6.96
210,vangaindrano,MG,2021-01-24 12:37:31,-23.35,47.6,11,82,78.94399999999997,0.87
211,lebu,CL,2021-01-24 12:37:31,-37.6167,-73.65,6,66,62.438000000000045,7.12
212,chuy,UY,2021-01-24 12:37:31,-33.6971,-53.4616,31,58,82.14800000000002,5.12
213,bucerias,MX,2021-01-24 12:37:31,20.75,-105.3333,20,64,75.46999999999997,1.83
214,pangnirtung,CA,2021-01-24 12:37:26,66.1451,-65.7125,75,92,5.269999999999957,1.54
215,kaitangata,NZ,2021-01-24 12:36:30,-46.2817,169.8464,75,76,58.26199999999996,1.34
216,longford,IE,2021-01-24 12:37:31,53.7333,-7.8,97,98,30.2,1.02
217,akdepe,TM,2021-01-24 12:37:31,42.0551,59.3788,0,74,32.26999999999996,6.17
218,calvinia,ZA,2021-01-24 12:37:31,-31.4707,19.776,0,25,76.65800000000002,8.15
219,hastings,GB,2021-01-24 12:37:31,50.8552,0.5729,100,78,36.266000000000005,2.68
220,tyumentsevo,RU,2021-01-24 12:37:31,53.3224,81.498,9,80,-40.0,2.66
221,saint-cyr-sur-loire,FR,2021-01-24 12:37:31,47.4,0.6667,75,93,41.26999999999996,2.57
222,seydi,TM,2021-01-24 12:37:31,39.4816,62.9137,100,91,31.964000000000034,5.33
223,illoqqortoormiut,,,,,,,,
224,portland,US,2021-01-24 12:36:50,45.5234,-122.6762,90,81,40.26199999999996,2.06
225,skjervoy,NO,2021-01-24 12:37:32,70.0311,20.9714,40,61,10.669999999999959,6.69
226,morvi,IN,2021-01-24 12:34:02,22.8167,70.8333,0,35,61.34000000000002,4.43
227,canoas,BR,2021-01-24 12:37:32,-29.9178,-51.1836,75,58,92.26400000000004,3.6
228,rincon,US,2021-01-24 12:37:32,32.296,-81.2354,75,55,61.069999999999965,5.66
229,isiro,CD,2021-01-24 12:37:32,2.7739,27.616,62,82,70.26799999999999,1.37
230,san patricio,US,2021-01-24 12:35:40,28.017,-97.5169,90,88,77.26999999999995,9.26
231,bolungarvik,,,,,,,,
232,svetlogorsk,BY,2021-01-24 12:37:32,52.6333,29.7333,100,96,39.29000000000002,5.68
233,maumere,ID,2021-01-24 12:37:32,-8.6199,122.2111,100,78,80.6,1.7
234,puerto escondido,MX,2021-01-24 12:36:48,15.85,-97.0667,75,69,82.66999999999996,4.63
235,koungou,YT,2021-01-24 12:37:32,-12.7336,45.2042,40,83,77.26999999999995,0.51
236,sitka,US,2021-01-24 12:36:08,57.0531,-135.33,40,93,34.06999999999996,2.57
237,udachnyy,RU,2021-01-24 12:36:24,66.4167,112.4,3,79,-38.57800000000002,1.41
238,vanimo,PG,2021-01-24 12:37:33,-2.6741,141.3028,100,84,77.91799999999998,1.98
239,aklavik,CA,2021-01-24 12:36:18,68.2191,-135.0107,20,75,-27.12999999999999,1.03
240,saint-augustin,CA,2021-01-24 12:37:33,51.226,-58.6502,100,85,35.22200000000004,9.06
241,solano,US,2021-01-24 12:37:33,38.2333,-121.9511,1,76,49.26199999999996,4.12
242,zurrieq,MT,2021-01-24 12:37:33,35.8311,14.4742,20,82,60.27799999999996,7.72
243,kruisfontein,ZA,2021-01-24 12:35:55,-34.0033,24.7314,97,80,66.27200000000005,1.79
244,yasnogorsk,RU,2021-01-24 12:37:33,54.4803,37.6975,100,99,34.627999999999965,6.29
245,victoria,HK,2021-01-24 12:37:33,22.2855,114.1577,78,77,64.27400000000002,4.47
246,erdenet,MN,2021-01-24 12:37:33,49.0333,104.0833,100,93,1.9039999999999502,0.74
247,petropavlovka,RU,2021-01-24 12:37:33,50.6114,105.3196,100,91,6.367999999999984,1.74
248,daru,PG,2021-01-24 12:37:33,-9.0763,143.2092,99,89,78.20600000000003,4.04
249,gari,RU,2021-01-24 12:37:33,59.4307,62.3497,100,90,-11.43399999999999,2.4
250,mudgee,AU,2021-01-24 12:37:33,-32.5943,149.5871,98,73,71.86999999999996,0.51
251,monzon,ES,2021-01-24 12:37:34,41.9108,0.1941,20,71,50.26999999999996,6.17
252,maniitsoq,GL,2021-01-24 12:37:34,65.4167,-52.9,55,76,16.501999999999974,2.49
253,bethel,US,2021-01-24 12:37:34,41.3712,-73.414,1,31,27.26600000000001,4.63
254,tuatapere,NZ,2021-01-24 12:37:34,-46.1333,167.6833,73,87,58.26199999999996,5.36
255,karaul,,,,,,,,
256,isangel,VU,2021-01-24 12:37:34,-19.55,169.2667,100,88,78.92599999999999,3.36
257,kununurra,AU,2021-01-24 12:37:34,-15.7667,128.7333,100,100,77.26999999999995,3.09
258,tilichiki,RU,2021-01-24 12:37:34,60.4667,166.1,100,90,-10.354000000000006,6.71
259,berlevag,NO,2021-01-24 12:37:34,70.8578,29.0864,75,79,19.66999999999996,5.14
260,churapcha,RU,2021-01-24 12:37:34,62.0025,132.4325,94,54,-57.24400000000003,1.01
261,sadowara,,,,,,,,
262,tsihombe,,,,,,,,
263,gurskoye,,,,,,,,
264,along,IN,2021-01-24 12:37:34,28.1667,94.7667,97,74,56.983999999999995,0.7
265,tasiilaq,GL,2021-01-24 12:37:35,65.6145,-37.6368,0,52,12.46999999999996,1.03
266,serenje,ZM,2021-01-24 12:37:35,-13.2325,30.2352,98,95,64.04000000000002,1.98
267,sola,VU,2021-01-24 12:37:35,-13.8833,167.55,100,81,80.49199999999999,4.22
268,ingham,US,2021-01-24 12:33:46,42.6,-84.3833,90,80,26.27599999999999,4.63
269,khandbari,NP,2021-01-24 12:37:35,27.3747,87.2039,51,64,51.943999999999974,0.84
270,vaitupu,,,,,,,,
271,torbay,CA,2021-01-24 12:37:36,47.6666,-52.7314,20,69,33.27799999999996,3.6
272,alyangula,AU,2021-01-24 12:37:36,-13.8483,136.4192,75,100,79.06999999999996,4.12
273,brattvag,NO,2021-01-24 12:37:36,62.6002,6.4434,0,64,35.86999999999996,5.14
274,zhezkazgan,KZ,2021-01-24 12:37:36,47.8043,67.7144,63,88,-5.548000000000023,2.46
275,mount gambier,AU,2021-01-24 12:37:36,-37.8333,140.7667,60,49,71.86999999999996,3.6
276,fernie,CA,2021-01-24 12:37:36,49.5,-115.0687,100,92,19.66999999999996,0.51
277,iqaluit,CA,2021-01-24 12:37:36,63.7506,-68.5145,75,78,3.46999999999996,7.72
278,natal,BR,2021-01-24 12:35:10,-5.795,-35.2094,75,78,82.66999999999996,6.69
279,killybegs,IE,2021-01-24 12:37:36,54.6333,-8.45,0,93,37.66999999999996,1.03
280,manokwari,ID,2021-01-24 12:37:36,-0.8667,134.0833,99,77,79.17799999999997,2.55
281,cabra,ES,2021-01-24 12:37:36,37.4725,-4.4421,20,67,59.26999999999996,2.06
282,latung,PH,2021-01-24 12:37:36,5.5,120.8833,17,81,81.734,6.41
283,hai phong,,,,,,,,
284,iisalmi,FI,2021-01-24 12:37:36,63.5592,27.1907,90,100,32.26999999999996,2.06
285,giyani,ZA,2021-01-24 12:37:37,-23.3025,30.7187,100,91,74.01199999999996,3.67
286,klaksvik,FO,2021-01-24 12:37:37,62.2266,-6.589,40,75,35.86999999999996,8.75
287,rawson,AR,2021-01-24 12:37:37,-43.3002,-65.1023,0,50,78.24199999999999,7.83
288,aranjuez,ES,2021-01-24 12:37:37,40.0311,-3.6025,20,71,52.26799999999999,5.14
289,hailar,CN,2021-01-24 12:37:37,49.2,119.7,100,92,5.035999999999966,3.79
290,padang,ID,2021-01-24 12:37:37,-0.9492,100.3543,40,89,79.06999999999996,2.57
291,salinopolis,BR,2021-01-24 12:37:37,-0.6136,-47.3561,95,84,81.15800000000002,4.8
292,clyde river,CA,2021-01-24 12:37:37,70.4692,-68.5914,90,92,5.269999999999957,8.23
293,ijaki,,,,,,,,
294,irpa irpa,BO,2021-01-24 12:37:37,-17.7167,-66.2667,75,52,70.06999999999996,3.09
295,beloha,MG,2021-01-24 12:37:21,-25.1667,45.05,0,82,77.684,6.18
296,kavaratti,IN,2021-01-24 12:37:37,10.5669,72.642,5,76,81.71600000000001,3.49
297,moron,AR,2021-01-24 12:37:37,-34.6534,-58.6198,0,30,97.26799999999999,2.24
298,riyadh,SA,2021-01-24 12:26:24,24.6877,46.7219,0,13,62.86999999999996,3.09
299,pithora,IN,2021-01-24 12:37:38,21.2667,82.5167,0,45,66.88399999999999,1.35
300,takoradi,GH,2021-01-24 12:37:38,4.8845,-1.7554,22,75,80.85199999999998,4.9
301,avera,US,2021-01-24 12:37:38,33.194,-82.5271,90,41,55.66999999999996,3.09
302,shingu,JP,2021-01-24 12:37:38,33.7333,135.9833,58,82,45.51799999999999,2.69
303,alanya,TR,2021-01-24 12:33:10,36.5438,31.9998,40,67,55.66999999999996,1.54
304,grindavik,IS,2021-01-24 12:37:38,63.8424,-22.4338,20,74,28.66999999999996,11.32
305,hambantota,LK,2021-01-24 12:37:38,6.1241,81.1185,100,75,76.55000000000001,6.19
306,zhanaozen,KZ,2021-01-24 12:37:38,43.3,52.8,0,90,31.1,8.57
307,husavik,IS,2021-01-24 12:37:38,66.0449,-17.3389,90,86,26.86999999999996,4.12
308,anadyr,RU,2021-01-24 12:37:38,64.75,177.4833,0,76,-16.32999999999999,2
309,guaruja,BR,2021-01-24 12:37:38,-23.9931,-46.2564,90,83,84.27200000000005,2.57
310,toliary,,,,,,,,
311,sorland,NO,2021-01-24 12:37:38,67.667,12.6934,90,86,30.46999999999996,7.2
312,osku,,,,,,,,
313,fortuna,US,2021-01-24 12:37:38,40.5982,-124.1573,75,93,45.266000000000005,3.6
314,eqbaliyeh,IR,2021-01-24 12:37:39,35.3022,51.5358,0,35,37.66999999999996,1.68
315,nuristan,AF,2021-01-24 12:37:39,35.3,70.8333,0,71,5.108000000000004,4.46
316,lamu,KE,2021-01-24 12:37:39,-2.2717,40.902,57,85,78.09800000000003,6.37
317,nantucket,US,2021-01-24 12:37:39,41.2835,-70.0995,1,40,28.66999999999996,10.29
318,manoel urbano,BR,2021-01-24 12:37:39,-8.8389,-69.2597,100,91,74.80399999999995,0.8
319,smithers,CA,2021-01-24 12:33:57,54.7804,-127.1743,90,92,16.069999999999958,1.03
320,sembabule,UG,2021-01-24 12:37:39,-0.0772,31.4567,99,71,67.85600000000002,1.18
321,xai-xai,MZ,2021-01-24 12:37:39,-25.0519,33.6442,100,73,81.23000000000005,3.96
322,mendi,PG,2021-01-24 12:37:39,-6.1761,143.6513,98,96,54.42799999999997,1.04
323,imbituba,BR,2021-01-24 12:37:39,-28.24,-48.6703,90,88,73.66999999999996,1.54
324,rio gallegos,AR,2021-01-24 12:37:39,-51.6226,-69.2181,75,30,66.46999999999997,10.29
325,halifax,CA,2021-01-24 12:37:38,44.6453,-63.5724,100,80,24.277999999999963,3.6
326,caravelas,BR,2021-01-24 12:37:39,-17.7125,-39.2481,71,58,83.858,3.58
327,viligili,,,,,,,,
328,pasighat,IN,2021-01-24 12:37:39,28.0667,95.3333,78,64,60.00800000000001,1.5
329,veraval,IN,2021-01-24 12:35:15,20.9,70.3667,0,35,68.66600000000001,4.46
330,kautokeino,NO,2021-01-24 12:37:40,69.0125,23.0412,93,89,-11.505999999999979,0.92
331,lyskovo,RU,2021-01-24 12:37:40,56.0328,45.0422,100,97,34.93399999999999,5.25
332,dengzhou,CN,2021-01-24 12:37:40,37.8086,120.7508,100,87,37.79600000000005,2.09
333,moose factory,CA,2021-01-24 12:37:40,51.2585,-80.6094,1,71,-0.12999999999998835,3.09
334,sioux lookout,CA,2021-01-24 12:37:40,50.1001,-91.917,90,78,8.869999999999958,5.14
335,saint-georges,GD,2021-01-24 12:34:53,12.0564,-61.7485,20,61,84.46999999999997,8.75
336,vanavara,RU,2021-01-24 12:37:40,60.34,102.2797,98,87,-21.279999999999994,1.35
337,ossipee,US,2021-01-24 12:37:40,43.6854,-71.1167,23,54,26.27599999999999,5.36
338,yuzhno-yeniseyskiy,,,,,,,,
339,azul,AR,2021-01-24 12:37:40,-36.777,-59.8585,0,14,101.93000000000005,4.72
340,alto araguaia,BR,2021-01-24 12:37:40,-17.3147,-53.2153,86,52,85.60399999999996,2.23
341,fare,PF,2021-01-24 12:37:40,-16.7,-151.0167,25,71,81.82400000000001,5.71
342,aquiraz,BR,2021-01-24 12:37:23,-3.9014,-38.3911,20,62,86.26999999999995,9.77
343,san quintin,MX,2021-01-24 12:37:41,30.4833,-115.95,74,65,56.227999999999966,5.63
344,kot diji,PK,2021-01-24 12:37:41,27.3427,68.7083,0,54,55.66999999999996,0.99
345,waipawa,NZ,2021-01-24 12:37:41,-41.4122,175.5153,32,82,59.26999999999996,6.17
346,grand-santi,GF,2021-01-24 12:37:41,4.25,-54.3833,41,87,81.37400000000002,1.88
347,zhigansk,RU,2021-01-24 12:37:41,66.7697,123.3711,61,62,-55.47999999999999,3.17
348,kenai,US,2021-01-24 12:37:41,60.5544,-151.2583,90,86,34.06999999999996,2.06
349,artyk,,,,,,,,
350,sur,OM,2021-01-24 12:37:41,22.5667,59.5289,0,50,67.58599999999997,5.28
351,fomeque,CO,2021-01-24 12:37:41,4.488,-73.8975,75,48,64.66999999999996,5.66
352,hoogeveen,NL,2021-01-24 12:35:02,52.6833,6.5833,23,92,33.27799999999996,0.45
353,kahului,US,2021-01-24 12:33:09,20.8947,-156.47,20,82,71.27599999999998,2.06
354,lompoc,US,2021-01-24 12:37:41,34.6391,-120.4579,20,87,51.27799999999996,2.06
355,sulangan,PH,2021-01-24 12:37:41,11.1373,123.7228,55,82,80.78000000000004,6
356,nabire,ID,2021-01-24 12:37:41,-3.3667,135.4833,100,93,75.41600000000001,1.28
357,inhambane,MZ,2021-01-24 12:37:41,-23.865,35.3833,40,83,82.66999999999996,6.17
358,rockport,US,2021-01-24 12:37:42,28.0206,-97.0544,90,94,75.46999999999997,6.17
359,ponta delgada,PT,2021-01-24 12:36:29,37.7333,-25.6667,75,94,65.26400000000004,4.12
360,manzhouli,CN,2021-01-24 12:37:42,49.6,117.4333,100,93,-0.22000000000001307,2.69
361,salalah,OM,2021-01-24 12:35:02,17.0151,54.0924,0,60,71.86999999999996,0.51
362,vao,NC,2021-01-24 12:37:42,-22.6667,167.4833,93,76,76.53200000000001,9.73
363,marsh harbour,BS,2021-01-24 12:35:14,26.5412,-77.0636,64,82,71.618,9.03
364,cabo san lucas,MX,2021-01-24 12:35:32,22.8909,-109.9124,20,59,71.27599999999998,6.17
365,talnakh,RU,2021-01-24 12:37:42,69.4865,88.3972,89,73,-32.89000000000003,1.48
366,kotovo,RU,2021-01-24 12:37:42,50.3211,44.8012,100,98,30.52400000000001,4.6
367,salinas,US,2021-01-24 12:37:42,36.6777,-121.6555,90,87,51.27799999999996,3.09
368,mount isa,AU,2021-01-24 12:37:42,-20.7333,139.5,75,57,79.06999999999996,1.03
369,darhan,MN,2021-01-24 12:37:42,49.4867,105.9228,100,94,8.47400000000001,1.9
370,hamilton,US,2021-01-24 12:37:42,39.1834,-84.5333,90,80,31.261999999999954,2.52
371,tuy hoa,VN,2021-01-24 12:37:43,13.0833,109.3,8,89,66.86600000000001,1.85
372,kalabo,ZM,2021-01-24 12:37:43,-14.97,22.6814,78,76,71.76199999999996,1.81
373,nacala,MZ,2021-01-24 12:33:03,-14.5428,40.6728,99,82,79.30399999999995,2.64
374,yerbogachen,RU,2021-01-24 12:37:43,61.2767,108.0108,85,82,-34.420000000000016,0.94
375,kostarazion,,,,,,,,
376,houston,US,2021-01-24 12:27:46,29.7633,-95.3633,90,100,72.26600000000002,6.17
377,bandarbeyla,SO,2021-01-24 12:37:44,9.4942,50.8122,38,69,74.11999999999996,9.49
378,marawi,PH,2021-01-24 12:37:44,7.9986,124.2928,96,93,75.27200000000005,2.68
379,nioro,GM,2021-01-24 12:37:44,13.35,-15.75,0,8,96.026,3.21
380,charters towers,AU,2021-01-24 12:37:44,-20.1,146.2667,44,88,70.05199999999998,0.51
381,guerrero negro,MX,2021-01-24 12:37:44,27.9769,-114.0611,6,51,62.41999999999996,7.69
382,arlit,NE,2021-01-24 12:37:44,18.7369,7.3853,0,16,72.28399999999999,6.81
383,kimbe,PG,2021-01-24 12:37:44,-5.5502,150.1429,100,83,75.50600000000003,1.38
384,havre-saint-pierre,CA,2021-01-24 12:37:44,50.2334,-63.5986,90,69,35.86999999999996,7.2
385,mildura,AU,2021-01-24 12:37:44,-34.2,142.15,89,24,84.46999999999997,3.09
386,chapais,CA,2021-01-24 12:37:44,49.7834,-74.8492,90,78,3.46999999999996,4.12
387,mahanoro,MG,2021-01-24 12:37:44,-19.9,48.8,8,83,79.23200000000003,3.11
388,umba,RU,2021-01-24 12:37:44,66.6871,34.3429,100,98,22.819999999999958,1.26
389,byron bay,AU,2021-01-24 12:28:38,-28.65,153.6167,19,88,68.26999999999995,3.09
390,rumphi,MW,2021-01-24 12:37:45,-11.0186,33.8575,99,85,66.45199999999997,1.5
391,cape coast,GH,2021-01-24 12:37:45,5.1053,-1.2466,53,79,80.50999999999999,5.64
392,colon,PA,2021-01-24 12:37:45,9.3592,-79.9014,68,79,81.26600000000002,6.26
393,parnu-jaagupi,EE,2021-01-24 12:37:45,58.6105,24.5069,100,85,35.27599999999999,0.89
394,tupiza,BO,2021-01-24 12:37:45,-21.45,-65.7167,74,42,66.434,1.2
395,bethanien,NA,2021-01-24 12:37:45,-26.502,17.1583,97,24,88.03399999999999,7.79
396,mys shmidta,,,,,,,,
397,khonuu,,,,,,,,
398,lakeside,US,2021-01-24 12:34:28,30.13,-81.7682,75,60,70.06999999999996,3.09
399,kon tum,VN,2021-01-24 12:37:45,14.35,108,4,92,64.27400000000002,0.79
400,sobolevo,RU,2021-01-24 12:36:52,54.4299,31.8996,100,98,36.62599999999999,7.22
401,thinadhoo,MV,2021-01-24 12:37:45,0.5333,72.9333,60,69,82.958,2.52
402,gornyak,RU,2021-01-24 12:35:17,50.9942,81.4661,20,84,-30.387999999999998,1.49
403,coihaique,CL,2021-01-24 12:36:26,-45.5752,-72.0662,40,32,66.46999999999997,3.09
404,champerico,GT,2021-01-24 12:37:46,14.3,-91.9167,0,43,89.86999999999996,3.09
405,catamarca,AR,2021-01-24 12:37:47,-28.4696,-65.7852,32,50,87.27799999999996,2.68
406,half moon bay,US,2021-01-24 12:37:47,37.4636,-122.4286,90,71,52.069999999999965,6.17
407,gorom-gorom,BF,2021-01-24 12:37:47,14.4439,-0.2361,23,14,79.17799999999997,4.12
408,colares,PT,2021-01-24 12:37:47,38.7992,-9.4469,75,94,59.26999999999996,3.6
409,kangaba,ML,2021-01-24 12:37:47,11.9333,-8.4167,0,11,88.46600000000001,2.06
410,kurilsk,RU,2021-01-24 12:37:47,45.2333,147.8833,94,94,26.438000000000045,5.97
411,honiara,SB,2021-01-24 12:37:47,-9.4333,159.95,50,77,76.17200000000004,0.79
412,yuzhnyy,RU,2021-01-24 12:37:47,53.2542,83.6936,0,62,-25.32999999999999,6
413,emerald,AU,2021-01-24 12:37:47,-23.5333,148.1667,5,73,71.86999999999996,2.57
414,nosy varika,MG,2021-01-24 12:37:47,-20.5833,48.5333,1,82,80.00600000000003,2.96
415,yongan,CN,2021-01-24 12:37:47,39.6957,113.6871,100,83,28.598000000000024,2.28
416,taltal,CL,2021-01-24 12:37:47,-25.4,-70.4833,12,54,72.98599999999996,3.13
417,magadan,RU,2021-01-24 12:37:47,59.5667,150.8,98,77,-17.42800000000002,4.4
418,richards bay,ZA,2021-01-24 12:37:47,-28.783,32.0377,100,85,72.06799999999998,7.04
419,menongue,AO,2021-01-24 12:37:48,-14.6585,17.691,32,56,68.26999999999995,0.65
420,nyurba,RU,2021-01-24 12:37:48,63.2842,118.3319,28,75,-47.66799999999999,2.22
421,hofn,IS,2021-01-24 12:37:48,64.2539,-15.2082,75,51,32.26999999999996,7.72
422,tocantinopolis,,,,,,,,
423,beauceville,CA,2021-01-24 12:37:48,46.2179,-70.7787,100,61,8.869999999999958,2.57
424,notodden,NO,2021-01-24 12:37:48,59.5594,9.2585,44,87,24.277999999999963,1.81
425,pasni,PK,2021-01-24 12:37:48,25.2631,63.471,0,27,65.35399999999996,5.67
426,mangrol,IN,2021-01-24 12:37:48,21.1167,70.1167,0,31,66.52400000000002,5.69
427,port macquarie,AU,2021-01-24 12:37:48,-31.4333,152.9167,5,99,64.27400000000002,5.35
428,dustlik,UZ,2021-01-24 12:37:48,40.5247,68.0358,5,92,28.958000000000006,0.53
429,ruian,,,,,,,,
430,axim,GH,2021-01-24 12:33:04,4.8699,-2.2405,34,76,80.6,3.81
431,tiznit,MA,2021-01-24 12:37:48,29.5833,-9.5,77,64,61.71799999999999,3.45
432,dali,CN,2021-01-24 12:37:48,25.7,100.1833,1,82,43.627999999999965,2.24
433,camana,PE,2021-01-24 12:37:49,-16.6228,-72.7111,71,64,75.434,3.72
434,waitara,NZ,2021-01-24 12:37:49,-38.925,174.25,27,91,50.26999999999996,0.89
435,geraldton,AU,2021-01-24 12:37:49,-28.7667,114.6,31,70,69.69200000000001,5.41
436,nilagiri,IN,2021-01-24 12:37:49,21.4582,86.7722,0,92,66.50600000000003,2.23
437,saceni,RO,2021-01-24 12:37:49,44.2333,25.0667,51,85,40.80199999999998,2.91
438,bathsheba,BB,2021-01-24 12:37:49,13.2167,-59.5167,40,65,82.66999999999996,8.75
439,tezu,IN,2021-01-24 12:37:49,27.9167,96.1667,66,53,60.83599999999997,1.16
440,sorvag,,,,,,,,
441,meyungs,,,,,,,,
442,lushunkou,,,,,,,,
443,chicama,PE,2021-01-24 12:37:49,-7.8447,-79.1469,20,83,71.86999999999996,3.6
444,ngukurr,,,,,,,,
445,tabiauea,,,,,,,,
446,harper,LR,2021-01-24 12:37:49,4.375,-7.7169,13,81,80.65399999999995,5.06
447,antalaha,MG,2021-01-24 12:37:49,-14.9003,50.2788,28,80,77.99000000000002,0.94
448,nouadhibou,MR,2021-01-24 12:37:50,20.931,-17.0347,100,57,75.46999999999997,5.66
449,mikhaylovka,RU,2021-01-24 12:37:50,50.06,43.2379,91,92,35.27599999999999,4.47
450,kangaatsiaq,GL,2021-01-24 12:37:50,68.3065,-53.4641,20,82,10.508000000000003,1.53
451,vila,PT,2021-01-24 12:37:50,42.0304,-8.1588,99,89,49.26199999999996,5.81
452,sorong,ID,2021-01-24 12:37:50,-0.8833,131.25,100,81,79.37599999999999,1.9
453,kavieng,PG,2021-01-24 12:37:50,-2.5744,150.7967,53,74,82.52599999999998,3.13
454,urumqi,CN,2021-01-24 12:31:18,43.801,87.6005,0,46,23.26999999999996,4
455,nizhneudinsk,RU,2021-01-24 12:37:50,54.9076,99.0276,100,89,2.408000000000005,0.75
456,capinzal,BR,2021-01-24 12:37:50,-27.3436,-51.6119,88,63,82.79600000000005,1.06
457,meulaboh,ID,2021-01-24 12:37:50,4.1363,96.1285,98,81,78.80000000000001,1.26
458,te anau,NZ,2021-01-24 12:37:50,-45.4167,167.7167,100,87,55.022000000000034,2.6
459,haines junction,CA,2021-01-24 12:36:46,60.7522,-137.5108,100,92,14.269999999999957,0.34
460,manacapuru,BR,2021-01-24 12:37:50,-3.2997,-60.6206,40,70,84.46999999999997,2.06
461,thio,NC,2021-01-24 12:37:50,-21.6167,166.2167,0,69,75.46999999999997,2.57
462,dalmatovo,RU,2021-01-24 12:37:51,56.26,62.9362,100,93,1.7240000000000109,4.62
463,mankera,PK,2021-01-24 12:37:51,31.3866,71.4407,0,33,54.64399999999998,2.33
464,yagoua,CM,2021-01-24 12:37:51,10.3411,15.2329,16,16,80.85199999999998,3
465,prince rupert,CA,2021-01-24 12:35:13,54.3161,-130.3201,90,100,35.86999999999996,1.92
466,bara,NG,2021-01-24 12:37:51,10.3744,10.7288,99,17,79.484,3.46
467,bam,IR,2021-01-24 12:37:51,29.106,58.357,0,46,39.398000000000025,0.41
468,lishan,CN,2021-01-24 12:37:51,31.8576,113.2951,100,84,45.64399999999997,3.01
469,leh,IN,2021-01-24 12:36:41,34.1667,77.5833,60,75,10.580000000000041,0.3
470,muros,ES,2021-01-24 12:37:51,42.7762,-9.0603,99,83,56.26400000000004,2.24
471,mayo,US,2021-01-24 12:37:51,38.8876,-76.5119,1,47,36.266000000000005,3.09
472,saint simons,US,2021-01-24 12:37:51,31.1352,-81.3901,75,72,64.66999999999996,6.69
473,paoua,CF,2021-01-24 12:37:51,7.2427,16.4406,3,18,79.23200000000003,1.24
474,mayumba,GA,2021-01-24 12:37:51,-3.432,10.6554,88,82,79.75399999999996,2.37
475,kassala,SD,2021-01-24 12:37:51,15.451,36.4,76,53,76.87400000000002,4.66
476,lyubim,RU,2021-01-24 12:37:52,58.3625,40.6843,100,98,34.57400000000001,3.46
477,moree,AU,2021-01-24 12:37:52,-29.4667,149.85,8,64,71.86999999999996,5.14
478,sao joao do piaui,BR,2021-01-24 12:37:52,-8.3581,-42.2467,100,41,88.592,3.98
479,seddon,AU,2021-01-24 12:37:52,-37.8068,144.8916,13,21,89.27599999999998,5.14
480,ust-nera,RU,2021-01-24 12:37:34,64.5667,143.2,99,78,-21.405999999999977,0.69
481,samalaeulu,,,,,,,,
482,sipe sipe,BO,2021-01-24 12:37:52,-17.45,-66.3833,75,52,70.06999999999996,3.09
483,hudson bay,CA,2021-01-24 12:37:52,52.85,-102.3842,8,85,-13.701999999999977,0.79
484,kuche,,,,,,,,
485,awbari,LY,2021-01-24 12:37:52,26.5921,12.7805,0,34,57.685999999999964,2.75
486,komsomolskiy,UZ,2021-01-24 12:37:00,40.4272,71.7189,0,59,28.66999999999996,2.06
487,ayan,RU,2021-01-24 12:37:11,56.45,138.1667,93,72,-24.159999999999982,7.21
488,north myrtle beach,US,2021-01-24 12:37:18,33.816,-78.68,1,61,52.26799999999999,4.12
489,waingapu,ID,2021-01-24 12:37:52,-9.6567,120.2641,100,77,78.90800000000002,2.6
490,yagodnoye,RU,2021-01-24 12:37:52,62.55,149.6667,100,81,-28.47999999999999,0.94
491,shimoda,JP,2021-01-24 12:36:28,34.6667,138.95,100,93,40.26199999999996,0.89
492,priiskovyy,RU,2021-01-24 12:37:53,51.9333,116.6333,100,93,4.640000000000018,3.28
493,grand forks,US,2021-01-24 12:37:53,47.9417,-97.4337,20,71,1.2740000000000116,3.09
494,podor,MR,2021-01-24 12:37:53,16.6527,-14.9587,0,10,93.46999999999997,1.03
495,reforma,MX,2021-01-24 12:37:53,18.1,-91.0167,100,68,83.174,4.62
496,sembe,CG,2021-01-24 12:37:53,1.6481,14.5806,86,49,81.95,0.97
497,leningradskiy,RU,2021-01-24 12:37:53,69.3833,178.4167,0,83,-17.140000000000022,0.96
498,micheweni,TZ,2021-01-24 12:37:53,-4.9667,39.8333,72,81,80.618,5.66
499,gigmoto,PH,2021-01-24 12:37:53,13.7796,124.39,13,87,78.49399999999997,3.09
500,ancud,CL,2021-01-24 12:37:53,-41.8697,-73.8203,20,45,71.27599999999998,4.63
501,watertown,US,2021-01-24 12:31:31,42.3709,-71.1828,1,31,30.272000000000038,7.72
502,aripuana,BR,2021-01-24 12:37:53,-9.1667,-60.6333,76,79,84.10999999999999,0.39
503,oriximina,BR,2021-01-24 12:37:53,-1.7656,-55.8661,19,48,90.62599999999999,2.27
504,dryden,CA,2021-01-24 12:33:43,49.7833,-92.7503,40,72,3.46999999999996,7.72
505,angoram,PG,2021-01-24 12:37:42,-4.0625,144.0661,87,97,74.066,0.46
506,lampa,CL,2021-01-24 12:37:54,-33.2833,-70.9,0,39,91.27400000000002,5.14
507,phibun mangsahan,TH,2021-01-24 12:37:54,15.2447,105.2291,0,88,81.26600000000002,1.67
508,aitape,PG,2021-01-24 12:37:54,-3.1374,142.3475,100,82,78.74600000000005,2.07
509,luanda,AO,2021-01-24 12:31:33,-8.8368,13.2343,40,65,82.66999999999996,5.14
510,la ferte-bernard,FR,2021-01-24 12:37:54,48.1863,0.6536,95,93,36.266000000000005,3.09
511,fort nelson,CA,2021-01-24 12:37:54,58.8053,-122.7002,90,65,-1.9299999999999926,1.06
512,mugur-aksy,RU,2021-01-24 12:37:54,50.35,90.5,100,79,-11.416000000000011,1.49
513,zaysan,KZ,2021-01-24 12:37:54,47.4667,84.8667,100,93,6.224000000000011,1.61
514,yinchuan,CN,2021-01-24 12:37:54,38.4681,106.2731,97,88,28.832000000000015,1.76
515,say,NE,2021-01-24 12:37:54,13.1007,2.3689,0,6,89.86999999999996,4.63
516,lolua,,,,,,,,
517,tshikapa,CD,2021-01-24 12:37:54,-6.4167,20.8,100,92,70.95199999999997,0.83
518,kyaukse,MM,2021-01-24 12:37:54,21.6,96.1333,0,53,65.58800000000005,1.64
519,itarema,BR,2021-01-24 12:37:54,-2.9248,-39.9167,98,61,85.94600000000005,7.66
520,kutum,SD,2021-01-24 12:37:55,14.2,24.6667,2,23,68.84600000000006,5.1
521,mirante do paranapanema,BR,2021-01-24 12:37:55,-22.2919,-51.9064,0,57,82.66999999999996,2.06
522,mecca,SA,2021-01-24 12:34:38,21.4267,39.8261,9,49,76.53200000000001,2.53
523,makokou,GA,2021-01-24 12:37:55,0.5738,12.8642,59,77,75.93800000000005,1.38
524,praya,CV,2021-01-24 12:36:41,14.9215,-23.5087,0,41,80.86999999999996,7.72
525,grand gaube,MU,2021-01-24 12:37:55,-20.0064,57.6608,42,90,75.27200000000005,3
526,esso,RU,2021-01-24 12:37:55,55.9333,158.7,16,78,-4.774000000000015,1.51
527,janauba,BR,2021-01-24 12:37:55,-15.8025,-43.3089,67,47,85.92799999999997,4.14
528,gat,IL,2021-01-24 12:37:55,31.61,34.7642,0,9,58.26199999999996,0.48
529,plettenberg bay,ZA,2021-01-24 12:36:35,-34.0527,23.3716,79,77,65.44399999999997,6.81
530,upata,VE,2021-01-24 12:37:55,8.0086,-62.3989,63,68,86.26999999999995,1.79
531,attawapiskat,,,,,,,,
532,sao filipe,CV,2021-01-24 12:37:55,14.8961,-24.4956,0,59,75.542,3.68
533,tevaitoa,PF,2021-01-24 12:37:56,-16.7833,-151.5,3,70,81.66199999999995,5.8
534,straumen,NO,2021-01-24 12:37:56,63.8709,11.2999,20,93,38.26400000000003,3.6
535,kholodnyy,RU,2021-01-24 12:37:56,62.7167,147.95,100,82,-27.687999999999995,0.99
536,diamantino,BR,2021-01-24 12:37:56,-14.4086,-56.4461,98,62,86.37799999999996,1.05
537,olinda,BR,2021-01-24 12:37:56,-8.0089,-34.8553,75,61,84.46999999999997,6.69
538,palm coast,US,2021-01-24 12:34:36,29.585,-81.2078,90,88,67.26199999999996,4.12
539,storm lake,US,2021-01-24 12:37:56,42.6411,-95.2097,90,100,26.86999999999996,5.14
540,la salle,US,2021-01-24 12:37:56,41.3334,-89.0918,78,69,34.06999999999996,1.35
541,dingle,PH,2021-01-24 12:37:56,10.9995,122.6711,47,91,75.57799999999997,2.76
542,ritchie,ZA,2021-01-24 12:37:56,-29.038,24.6028,40,64,73.66999999999996,4.12
543,muisne,EC,2021-01-24 12:37:56,0.6,-80.0333,75,100,79.06999999999996,2.06
544,ahtopol,BG,2021-01-24 12:37:56,42.1,27.95,0,58,55.66999999999996,6.69
545,karratha,AU,2021-01-24 12:37:56,-20.7377,116.8463,46,43,83.49800000000002,8.17
546,zhangzhou,CN,2021-01-24 12:37:56,24.5133,117.6556,20,71,55.66999999999996,1
547,yumaguzino,RU,2021-01-24 12:37:57,52.9041,56.3933,100,98,29.11999999999996,3.59
548,acapulco,MX,2021-01-24 12:37:57,16.8634,-99.8901,75,78,82.66999999999996,2.76
549,iquitos,PE,2021-01-24 12:34:21,-3.7481,-73.2472,75,78,82.66999999999996,2.06
550,cap malheureux,MU,2021-01-24 12:37:57,-19.9842,57.6142,53,90,75.27200000000005,3.13
551,college place,US,2021-01-24 12:37:57,46.0493,-118.3883,1,86,30.272000000000038,2.57
552,marsa matruh,EG,2021-01-24 12:37:57,31.3525,27.2453,0,36,62.86999999999996,3.09
553,iranshahr,IR,2021-01-24 12:37:57,27.2025,60.6848,0,9,48.469999999999956,0.21
554,barcelos,PT,2021-01-24 12:34:54,41.5388,-8.6151,75,94,55.66999999999996,2.57
555,nsoko,SZ,2021-01-24 12:37:57,-27.0333,31.95,100,90,69.83599999999997,7.47
556,parabita,IT,2021-01-24 12:37:57,40.0519,18.1295,100,72,59.26999999999996,14.86
557,rocha,UY,2021-01-24 12:37:57,-34.4833,-54.3333,0,44,87.13399999999999,6.12
558,port blair,IN,2021-01-24 12:37:57,11.6667,92.75,44,67,75.86600000000001,3.03
559,alofi,NU,2021-01-24 12:37:58,-19.0595,-169.9187,100,94,75.46999999999997,0.51
560,cluses,FR,2021-01-24 12:37:58,46.0625,6.575,0,75,37.66999999999996,5.14
561,lumberton,US,2021-01-24 12:33:55,34.6182,-79.0086,1,29,45.266000000000005,1.09
562,egvekinot,RU,2021-01-24 12:37:58,66.3167,-179.1667,0,85,-4.0,2.8
563,karacakoy,TR,2021-01-24 12:37:58,41.4029,28.3834,0,76,54.266000000000005,4.12
564,usak,TR,2021-01-24 12:37:58,38.5,29.4167,65,81,41.26999999999996,5.33
565,namwala,ZM,2021-01-24 12:37:58,-15.7504,26.4384,35,91,69.27799999999996,0.9
566,trincomalee,LK,2021-01-24 12:37:58,8.5711,81.2335,66,71,77.59399999999997,4.76
567,tucuman,AR,2021-01-24 12:32:15,-26.8241,-65.2226,20,55,91.66999999999996,2.57
568,kawalu,ID,2021-01-24 12:37:58,-7.3817,108.2082,100,87,73.13000000000005,1.08
569,mandurah,AU,2021-01-24 12:37:58,-32.55,115.7,0,69,68.26999999999995,4.35
570,kintampo,GH,2021-01-24 12:37:58,8.0563,-1.7306,0,12,88.826,1.62
571,lewistown,US,2021-01-24 12:37:58,40.5992,-77.5714,20,43,30.272000000000038,2.57
572,voh,NC,2021-01-24 12:37:58,-20.9667,164.7,68,88,75.36199999999997,3.01
573,brownsville,US,2021-01-24 12:37:58,25.9018,-97.4975,40,65,80.86999999999996,11.83
574,tura,IN,2021-01-24 12:37:59,25.5198,90.2201,0,57,59.359999999999985,1.55
575,belaya gora,RU,2021-01-24 12:37:59,68.5333,146.4167,100,83,-32.170000000000016,1.39
576,san blas,MX,2021-01-24 12:37:59,21.5167,-105.2667,20,68,68.26999999999995,2.53
577,porto belo,BR,2021-01-24 12:37:59,-27.1578,-48.5531,75,94,83.26400000000004,3.6
578,mocambique,,,,,,,,
579,lusaka,ZM,2021-01-24 12:33:32,-15.4067,28.2871,40,78,73.66999999999996,2.06
580,beyneu,KZ,2021-01-24 12:37:59,45.3167,55.2,32,95,32.95399999999995,6.38
581,kamenskoye,,,,,,,,
582,menomonie,US,2021-01-24 12:38:00,44.8755,-91.9193,90,86,21.272000000000034,2.57
583,tarudant,,,,,,,,
584,taurage,LT,2021-01-24 12:35:54,55.2522,22.2897,100,98,33.458000000000006,0.65
585,rosita,NI,2021-01-24 12:38:00,13.9268,-84.4032,62,63,83.67799999999997,2.69
